BOWLING,O,M,R,W,ECON,0s,4s,6s,WD,NB,Innings,Match ID
Deepak Chahar,4,0,34,0,8.50,8,4,0,1,0,First Innings,1116
Washington Sundar,4,0,34,2,8.50,9,4,0,1,0,First Innings,1116
T Natarajan,4,0,33,1,8.25,8,3,0,2,0,First Innings,1116
Yuzvendra Chahal,4,0,41,0,10.25,3,1,2,2,1,First Innings,1116
Shardul Thakur,4,0,43,1,10.75,6,2,3,0,0,First Innings,1116
Glenn Maxwell,3,0,20,1,6.66,3,1,0,1,0,Second Innings,1116
Sean Abbott,4,0,49,1,12.25,4,4,2,1,0,Second Innings,1116
Daniel Sams,2,0,29,0,14.50,2,1,3,1,0,Second Innings,1116
Andrew Tye,4,0,31,1,7.75,10,2,2,1,0,Second Innings,1116
Mitchell Swepson,4,0,23,3,5.75,4,0,0,0,0,Second Innings,1116
Adam Zampa,3,0,21,1,7.00,3,1,0,0,0,Second Innings,1116
Deepak Chahar,4,0,48,0,12.00,6,5,1,2,0,First Innings,1115
Washington Sundar,4,0,35,0,8.75,7,3,1,1,0,First Innings,1115
Shardul Thakur,4,0,39,1,9.75,7,6,0,1,0,First Innings,1115
T Natarajan,4,0,20,2,5.00,8,1,0,0,0,First Innings,1115
Yuzvendra Chahal,4,0,51,1,12.75,5,0,5,1,0,First Innings,1115
Daniel Sams,3.4,0,41,1,11.18,8,2,3,0,0,Second Innings,1115
Sean Abbott,2,0,17,0,8.50,3,1,1,0,0,Second Innings,1115
Andrew Tye,4,0,47,1,11.75,10,6,2,1,1,Second Innings,1115
Glenn Maxwell,1,0,19,0,19.00,0,2,1,0,0,Second Innings,1115
Mitchell Swepson,4,0,25,1,6.25,7,0,0,1,0,Second Innings,1115
Moises Henriques,1,0,9,0,9.00,1,1,0,0,0,Second Innings,1115
Adam Zampa,4,0,36,1,9.00,4,1,2,0,0,Second Innings,1115
Mitchell Starc,4,0,34,2,8.50,9,4,0,2,0,First Innings,1114
Josh Hazlewood,4,0,39,0,9.75,8,4,1,0,1,First Innings,1114
Adam Zampa,4,0,20,1,5.00,9,1,0,0,0,First Innings,1114
Sean Abbott,2,0,23,0,11.50,2,2,1,1,0,First Innings,1114
Mitchell Swepson,2,0,21,1,10.50,3,2,1,0,0,First Innings,1114
Moises Henriques,4,0,22,3,5.50,11,0,1,1,0,First Innings,1114
Deepak Chahar,4,0,29,1,7.25,10,3,1,0,0,Second Innings,1114
Washington Sundar,4,0,16,0,4.00,13,1,0,0,0,Second Innings,1114
Mohammed Shami,4,0,46,0,11.50,7,4,3,0,0,Second Innings,1114
T Natarajan,4,0,30,3,7.50,7,1,1,0,0,Second Innings,1114
Yuzvendra Chahal,4,0,25,3,6.25,7,1,0,1,0,Second Innings,1114
Tim Southee,4,0,52,0,13.00,5,5,3,1,0,First Innings,1037
Scott Kuggeleijn,4,0,25,2,6.25,14,1,1,1,0,First Innings,1037
Hamish Bennett,4,0,21,1,5.25,11,2,0,0,0,First Innings,1037
Ish Sodhi,4,0,28,0,7.00,9,1,2,0,0,First Innings,1037
Mitchell Santner,4,0,36,0,9.00,5,1,2,0,0,First Innings,1037
Washington Sundar,3,0,20,1,6.66,9,2,1,0,0,Second Innings,1037
Jasprit Bumrah,4,1,12,3,3.00,16,1,0,0,0,Second Innings,1037
Navdeep Saini,4,0,23,2,5.75,14,4,0,0,0,Second Innings,1037
Shardul Thakur,4,0,38,2,9.50,8,3,2,2,0,Second Innings,1037
Yuzvendra Chahal,4,0,28,0,7.00,7,1,1,1,0,Second Innings,1037
Shivam Dube,1,0,34,0,34.00,0,2,4,0,1,Second Innings,1037
Tim Southee,4,0,28,1,7.00,7,1,0,2,0,First Innings,1036
Scott Kuggeleijn,4,0,39,1,9.75,12,4,2,3,1,First Innings,1036
Mitchell Santner,4,0,26,1,6.50,11,1,1,0,0,First Innings,1036
Hamish Bennett,4,0,41,2,10.25,7,6,0,1,0,First Innings,1036
Ish Sodhi,4,0,26,3,6.50,8,2,0,0,0,First Innings,1036
Shardul Thakur,4,0,33,2,8.25,9,4,1,1,0,Second Innings,1036
Navdeep Saini,4,0,29,0,7.25,12,3,1,1,0,Second Innings,1036
Jasprit Bumrah,4,0,20,1,5.00,11,2,0,0,0,Second Innings,1036
Yuzvendra Chahal,4,0,38,1,9.50,4,1,2,1,0,Second Innings,1036
Washington Sundar,2,0,24,0,12.00,3,3,1,0,0,Second Innings,1036
Shivam Dube,2,0,14,0,7.00,3,0,1,0,0,Second Innings,1036
Tim Southee,4,0,39,0,9.75,7,2,2,2,0,First Innings,1035
Hamish Bennett,4,0,54,3,13.50,4,3,4,0,0,First Innings,1035
Scott Kuggeleijn,2,0,10,0,5.00,5,1,0,0,0,First Innings,1035
Mitchell Santner,4,0,37,1,9.25,5,2,2,0,0,First Innings,1035
Ish Sodhi,4,0,23,0,5.75,8,2,0,0,0,First Innings,1035
Colin de Grandhomme,2,0,13,1,6.50,3,1,0,0,0,First Innings,1035
Shardul Thakur,3,0,21,2,7.00,10,1,2,0,0,Second Innings,1035
Mohammed Shami,4,0,32,2,8.00,9,2,2,0,0,Second Innings,1035
Jasprit Bumrah,4,0,45,0,11.25,8,6,2,0,0,Second Innings,1035
Yuzvendra Chahal,4,0,36,1,9.00,8,4,1,0,0,Second Innings,1035
Ravindra Jadeja,4,0,23,1,5.75,11,0,2,0,0,Second Innings,1035
Shivam Dube,1,0,14,0,14.00,0,1,1,0,0,Second Innings,1035
Shardul Thakur,2,0,21,1,10.50,8,2,2,1,0,First Innings,1034
Mohammed Shami,4,0,22,0,5.50,11,2,0,0,0,First Innings,1034
Jasprit Bumrah,4,0,21,1,5.25,9,0,1,0,0,First Innings,1034
Yuzvendra Chahal,4,0,33,0,8.25,5,2,1,0,0,First Innings,1034
Shivam Dube,2,0,16,1,8.00,4,1,1,0,0,First Innings,1034
Ravindra Jadeja,4,0,18,2,4.50,9,0,0,2,0,First Innings,1034
Tim Southee,3.3,0,20,2,5.71,12,2,1,0,0,Second Innings,1034
Hamish Bennett,3,0,29,0,9.66,8,2,1,1,0,Second Innings,1034
Blair Tickner,3,0,34,0,11.33,3,2,2,0,0,Second Innings,1034
Mitchell Santner,4,0,19,0,4.75,10,1,0,0,0,Second Innings,1034
Ish Sodhi,4,0,33,1,8.25,5,0,2,2,0,Second Innings,1034
Jasprit Bumrah,4,0,31,1,7.75,8,2,0,2,0,First Innings,1031
Shardul Thakur,3,0,44,1,14.66,5,3,4,0,0,First Innings,1031
Mohammed Shami,4,0,53,0,13.25,6,5,3,3,0,First Innings,1031
Yuzvendra Chahal,4,0,32,1,8.00,8,5,0,0,0,First Innings,1031
Shivam Dube,3,0,24,1,8.00,7,1,2,0,0,First Innings,1031
Ravindra Jadeja,2,0,18,1,9.00,2,1,1,0,0,First Innings,1031
Tim Southee,4,0,48,0,12.00,5,2,4,0,0,Second Innings,1031
Mitchell Santner,4,0,50,1,12.50,5,4,3,2,0,Second Innings,1031
Hamish Bennett,4,0,36,0,9.00,3,4,0,1,0,Second Innings,1031
Blair Tickner,3,0,34,1,11.33,4,1,2,1,1,Second Innings,1031
Ish Sodhi,4,0,36,2,9.00,6,2,1,5,0,Second Innings,1031
Lasith Malinga,4,0,40,0,10.00,5,4,1,1,0,First Innings,1027
Angelo Mathews,3,0,38,0,12.66,4,5,1,1,0,First Innings,1027
Dhananjaya de Silva,1,0,13,0,13.00,1,1,1,0,0,First Innings,1027
Lahiru Kumara,4,0,46,1,11.50,4,6,1,1,0,First Innings,1027
Wanindu Hasaranga,4,0,27,1,6.75,7,1,1,0,0,First Innings,1027
Lakshan Sandakan,4,0,35,3,8.75,5,3,1,0,0,First Innings,1027
Jasprit Bumrah,2,1,5,1,2.50,9,0,0,1,0,Second Innings,1027
Shardul Thakur,3,0,19,2,6.33,11,2,1,1,0,Second Innings,1027
Navdeep Saini,3.5,0,28,3,7.30,13,5,0,2,0,Second Innings,1027
Washington Sundar,4,0,37,2,9.25,8,1,3,0,0,Second Innings,1027
Yuzvendra Chahal,3,0,33,0,11.00,2,2,2,0,0,Second Innings,1027
Jasprit Bumrah,4,0,32,1,8.00,12,6,0,1,0,First Innings,1026
Shardul Thakur,4,0,23,3,5.75,12,3,0,1,0,First Innings,1026
Navdeep Saini,4,0,18,2,4.50,13,2,0,1,0,First Innings,1026
Washington Sundar,4,0,29,1,7.25,6,2,1,0,0,First Innings,1026
Kuldeep Yadav,4,0,38,2,9.50,6,2,2,0,0,First Innings,1026
Lasith Malinga,4,0,41,0,10.25,5,3,1,0,0,Second Innings,1026
Lahiru Kumara,3.3,0,30,1,8.57,8,4,1,0,0,Second Innings,1026
Dhananjaya de Silva,2,0,15,0,7.50,2,1,0,0,0,Second Innings,1026
Dasun Shanaka,4,0,26,0,6.50,6,2,0,0,0,Second Innings,1026
Wanindu Hasaranga,4,0,30,2,7.50,6,2,1,0,0,Second Innings,1026
Trent Boult,4,0,31,1,7.75,13,4,1,2,0,First Innings,1446
Adam Milne,4,0,47,1,11.75,7,7,1,1,0,First Innings,1446
Lockie Ferguson,4,0,45,1,11.25,6,3,3,1,0,First Innings,1446
Mitchell Santner,4,0,27,3,6.75,10,3,0,2,0,First Innings,1446
Ish Sodhi,4,0,31,1,7.75,4,1,1,0,0,First Innings,1446
Bhuvneshwar Kumar,2,0,12,0,6.00,8,1,1,0,0,Second Innings,1446
Deepak Chahar,2.2,0,26,1,11.14,5,4,1,0,0,Second Innings,1446
Axar Patel,3,0,9,3,3.00,13,1,0,0,0,Second Innings,1446
Yuzvendra Chahal,4,0,26,1,6.50,14,2,2,0,0,Second Innings,1446
Venkatesh Iyer,3,0,12,1,4.00,8,0,0,0,0,Second Innings,1446
Harshal Patel,3,0,26,2,8.66,8,0,3,1,0,Second Innings,1446
Bhuvneshwar Kumar,4,0,39,1,9.75,10,4,2,1,0,First Innings,1440
Deepak Chahar,4,0,42,1,10.50,7,3,2,0,0,First Innings,1440
Axar Patel,4,0,26,1,6.50,7,2,0,1,0,First Innings,1440
Ravichandran Ashwin,4,0,19,1,4.75,10,1,0,2,0,First Innings,1440
Harshal Patel,4,0,25,2,6.25,13,1,1,0,1,First Innings,1440
Tim Southee,4,0,16,3,4.00,13,1,0,1,0,Second Innings,1440
Trent Boult,4,0,36,0,9.00,10,5,1,2,0,Second Innings,1440
Mitchell Santner,4,0,33,0,8.25,7,0,3,0,0,Second Innings,1440
Adam Milne,3,0,39,0,13.00,4,3,3,1,0,Second Innings,1440
Ish Sodhi,2,0,13,0,6.50,1,0,0,0,0,Second Innings,1440
James Neesham,0.2,0,12,0,36.00,0,0,2,0,0,Second Innings,1440
Bhuvneshwar Kumar,4,0,24,2,6.00,13,2,1,1,0,First Innings,1434
Deepak Chahar,4,0,42,1,10.50,8,4,2,0,0,First Innings,1434
Mohammed Siraj,4,0,39,1,9.75,6,2,2,1,0,First Innings,1434
Ravichandran Ashwin,4,0,23,2,5.75,10,2,0,0,0,First Innings,1434
Axar Patel,4,0,31,0,7.75,7,2,1,1,0,First Innings,1434
Tim Southee,4,0,40,1,10.00,10,6,1,1,0,Second Innings,1434
Trent Boult,4,0,31,2,7.75,13,3,2,1,0,Second Innings,1434
Lockie Ferguson,4,0,24,0,6.00,12,1,1,2,0,Second Innings,1434
Mitchell Santner,4,0,19,1,4.75,10,1,0,0,0,Second Innings,1434
Todd Astle,3,0,34,0,11.33,4,2,2,1,0,Second Innings,1434
Daryl Mitchell,0.4,0,11,1,16.50,1,2,0,2,0,Second Innings,1434
Mohammed Shami,4,0,39,0,9.75,9,1,2,2,0,First Innings,1410
Jasprit Bumrah,4,0,19,2,4.75,14,2,0,1,0,First Innings,1410
Ravichandran Ashwin,4,0,20,3,5.00,13,0,0,1,0,First Innings,1410
Ravindra Jadeja,4,0,16,3,4.00,13,1,0,0,0,First Innings,1410
Rahul Chahar,4,0,30,0,7.50,9,4,0,0,1,First Innings,1410
Ruben Trumpelmann,3,0,26,0,8.66,6,4,0,0,0,Second Innings,1410
David Wiese,2,0,18,0,9.00,7,1,2,0,0,Second Innings,1410
Bernard Scholtz,1,0,11,0,11.00,3,1,1,0,0,Second Innings,1410
JJ Smit,2,0,17,0,8.50,2,2,0,0,0,Second Innings,1410
Jan Frylinck,2,0,19,1,9.50,1,1,1,0,0,Second Innings,1410
Jan Nicol Loftie-Eaton,4,0,31,0,7.75,7,4,0,0,0,Second Innings,1410
Michael van Lingen,1.2,0,13,0,9.75,2,2,0,0,0,Second Innings,1410
Jasprit Bumrah,3.4,1,10,2,2.72,17,0,1,0,0,First Innings,1396
Varun Chakravarthy,3,0,15,0,5.00,10,2,0,0,0,First Innings,1396
Ravichandran Ashwin,4,0,29,1,7.25,11,4,0,2,0,First Innings,1396
Mohammed Shami,3,1,15,3,5.00,11,1,1,0,0,First Innings,1396
Ravindra Jadeja,4,0,15,3,3.75,12,1,0,0,0,First Innings,1396
Mark Watt,2,0,20,1,10.00,3,2,1,0,0,Second Innings,1396
Brad Wheal,2,0,32,1,16.00,2,5,1,1,0,Second Innings,1396
Alasdair Evans,1,0,16,0,16.00,1,2,1,0,0,Second Innings,1396
Safyaan Sharif,1,0,14,0,14.00,3,2,1,0,0,Second Innings,1396
Chris Greaves,0.3,0,7,0,14.00,1,0,1,0,0,Second Innings,1396
Trent Boult,4,0,20,3,5.00,13,3,0,0,0,First Innings,1381
Tim Southee,4,0,26,1,6.50,11,2,1,0,0,First Innings,1381
Mitchell Santner,4,0,15,0,3.75,11,0,0,0,0,First Innings,1381
Adam Milne,4,0,30,1,7.50,10,3,1,1,0,First Innings,1381
Ish Sodhi,4,0,17,2,4.25,9,0,0,1,0,First Innings,1381
Varun Chakravarthy,4,0,23,0,5.75,9,2,0,0,0,Second Innings,1381
Jasprit Bumrah,4,0,19,2,4.75,15,1,0,3,0,Second Innings,1381
Ravindra Jadeja,2,0,23,0,11.50,4,3,1,0,0,Second Innings,1381
Mohammed Shami,1,0,11,0,11.00,1,0,1,1,0,Second Innings,1381
Shardul Thakur,1.3,0,17,0,11.33,3,2,1,0,0,Second Innings,1381
Hardik Pandya,2,0,17,0,8.50,2,2,0,1,0,Second Innings,1381
Shaheen Shah Afridi,4,0,31,3,7.75,13,2,2,1,1,First Innings,1361
Imad Wasim,2,0,10,0,5.00,5,1,0,0,0,First Innings,1361
Hasan Ali,4,0,44,2,11.00,8,5,2,0,0,First Innings,1361
Shadab Khan,4,0,22,1,5.50,9,1,0,1,0,First Innings,1361
Mohammad Hafeez,2,0,12,0,6.00,3,1,0,0,0,First Innings,1361
Haris Rauf,4,0,25,1,6.25,8,1,0,2,0,First Innings,1361
Bhuvneshwar Kumar,3,0,25,0,8.33,7,1,1,3,0,Second Innings,1361
Mohammed Shami,3.5,0,43,0,11.21,5,6,1,0,0,Second Innings,1361
Jasprit Bumrah,3,0,22,0,7.33,7,2,0,0,0,Second Innings,1361
Varun Chakravarthy,4,0,33,0,8.25,6,1,2,1,0,Second Innings,1361
Ravindra Jadeja,4,0,28,0,7.00,8,2,1,0,0,Second Innings,1361
Dushmantha Chameera,4,0,16,1,4.00,13,1,0,1,0,First Innings,1207
Chamika Karunaratne,2,0,12,0,6.00,4,1,0,0,0,First Innings,1207
Ramesh Mendis,2,0,13,1,6.50,4,1,0,1,0,First Innings,1207
Wanindu Hasaranga,4,0,9,4,2.25,15,0,0,0,0,First Innings,1207
Akila Dananjaya,4,0,11,0,2.75,14,0,0,0,0,First Innings,1207
Dasun Shanaka,4,0,20,2,5.00,11,1,0,1,0,First Innings,1207
Bhuvneshwar Kumar,2,0,9,0,4.50,8,0,0,2,0,Second Innings,1207
Varun Chakravarthy,3.3,0,15,0,4.28,10,1,0,1,0,Second Innings,1207
Sandeep Warrier,3,0,23,0,7.66,8,2,0,1,0,Second Innings,1207
Rahul Chahar,4,0,15,3,3.75,13,1,0,0,0,Second Innings,1207
Kuldeep Yadav,2,0,16,0,8.00,3,1,0,1,0,Second Innings,1207
Dushmantha Chameera,4,0,23,1,5.75,10,1,0,2,0,First Innings,1206
Chamika Karunaratne,1,0,6,0,6.00,1,0,0,0,0,First Innings,1206
Akila Dananjaya,4,0,29,2,7.25,6,2,0,1,0,First Innings,1206
Isuru Udana,1,0,7,0,7.00,2,1,0,0,0,First Innings,1206
Wanindu Hasaranga,4,0,30,1,7.50,8,1,0,1,0,First Innings,1206
Dasun Shanaka,2,0,14,1,7.00,5,1,0,1,0,First Innings,1206
Ramesh Mendis,2,0,9,0,4.50,6,1,0,0,0,First Innings,1206
Dhananjaya de Silva,2,0,13,0,6.50,4,0,1,0,0,First Innings,1206
Bhuvneshwar Kumar,4,0,21,1,5.25,11,0,1,0,0,Second Innings,1206
Chetan Sakariya,3.4,0,34,1,9.27,8,5,0,1,0,Second Innings,1206
Varun Chakravarthy,4,0,18,1,4.50,10,1,0,0,0,Second Innings,1206
Rahul Chahar,4,0,27,1,6.75,8,3,0,0,0,Second Innings,1206
Kuldeep Yadav,4,0,30,2,7.50,6,1,1,1,0,Second Innings,1206
Dushmantha Chameera,4,0,24,2,6.00,10,2,0,1,0,First Innings,1204
Chamika Karunaratne,4,0,34,1,8.50,6,2,1,3,0,First Innings,1204
Akila Dananjaya,3,0,40,0,13.33,4,4,2,1,0,First Innings,1204
Isuru Udana,4,0,32,0,8.00,7,2,1,0,0,First Innings,1204
Wanindu Hasaranga,4,0,28,2,7.00,8,2,1,0,0,First Innings,1204
Dasun Shanaka,1,0,4,0,4.00,2,0,0,0,0,First Innings,1204
Bhuvneshwar Kumar,3.3,0,22,4,6.28,10,1,1,2,0,Second Innings,1204
Deepak Chahar,3,0,24,2,8.00,9,4,0,1,0,Second Innings,1204
Krunal Pandya,2,0,16,1,8.00,3,1,0,1,0,Second Innings,1204
Varun Chakravarthy,4,0,28,1,7.00,9,1,2,0,0,Second Innings,1204
Yuzvendra Chahal,4,0,19,1,4.75,10,1,0,1,0,Second Innings,1204
Hardik Pandya,2,0,17,1,8.50,5,1,1,0,0,Second Innings,1204
Adil Rashid,4,0,31,1,7.75,8,0,3,0,0,First Innings,1138
Jofra Archer,4,0,43,0,10.75,4,5,0,1,0,First Innings,1138
Mark Wood,4,0,53,0,13.25,5,6,2,1,0,First Innings,1138
Chris Jordan,4,0,57,0,14.25,4,6,3,0,0,First Innings,1138
Sam Curran,1,0,11,0,11.00,1,0,1,0,0,First Innings,1138
Ben Stokes,3,0,26,1,8.66,6,1,2,0,0,First Innings,1138
Bhuvneshwar Kumar,4,0,15,2,3.75,17,1,0,4,0,Second Innings,1138
Hardik Pandya,4,0,34,1,8.50,9,3,1,4,0,Second Innings,1138
Washington Sundar,1,0,13,0,13.00,0,2,0,0,0,Second Innings,1138
Shardul Thakur,4,0,45,3,11.25,10,3,4,0,0,Second Innings,1138
T Natarajan,4,0,39,1,9.75,7,5,1,0,0,Second Innings,1138
Rahul Chahar,3,0,33,0,11.00,4,0,3,3,0,Second Innings,1138
Adil Rashid,4,1,39,1,9.75,8,4,2,0,0,First Innings,1135
Jofra Archer,4,0,33,4,8.25,10,4,1,1,0,First Innings,1135
Mark Wood,4,1,25,1,6.25,14,4,0,1,0,First Innings,1135
Chris Jordan,4,0,41,0,10.25,6,4,2,1,0,First Innings,1135
Ben Stokes,3,0,26,1,8.66,5,3,0,1,0,First Innings,1135
Sam Curran,1,0,16,1,16.00,1,2,1,0,0,First Innings,1135
Bhuvneshwar Kumar,4,1,30,1,7.50,12,3,1,1,0,Second Innings,1135
Hardik Pandya,4,0,16,2,4.00,13,1,0,0,0,Second Innings,1135
Shardul Thakur,4,0,42,3,10.50,9,4,2,2,0,Second Innings,1135
Washington Sundar,4,0,52,0,13.00,5,5,3,0,0,Second Innings,1135
Rahul Chahar,4,0,35,2,8.75,7,2,2,1,0,Second Innings,1135
Adil Rashid,4,0,26,0,6.50,9,3,0,0,0,First Innings,1133
Jofra Archer,4,0,32,0,8.00,13,3,2,1,0,First Innings,1133
Mark Wood,4,0,31,3,7.75,13,3,2,0,0,First Innings,1133
Chris Jordan,4,1,35,2,8.75,11,3,2,1,0,First Innings,1133
Ben Stokes,2,0,12,0,6.00,4,1,0,1,0,First Innings,1133
Sam Curran,2,0,14,0,7.00,3,1,0,0,0,First Innings,1133
Bhuvneshwar Kumar,4,0,27,0,6.75,10,3,0,0,0,Second Innings,1133
Shardul Thakur,3.2,0,36,0,10.80,7,5,1,1,0,Second Innings,1133
Yuzvendra Chahal,4,0,41,1,10.25,6,3,2,0,0,Second Innings,1133
Hardik Pandya,3,0,22,0,7.33,3,0,1,1,0,Second Innings,1133
Washington Sundar,4,0,26,1,6.50,7,1,1,0,0,Second Innings,1133
Bhuvneshwar Kumar,4,0,28,1,7.00,10,3,0,1,0,First Innings,1132
Washington Sundar,4,0,29,2,7.25,11,2,2,0,0,First Innings,1132
Shardul Thakur,4,0,29,2,7.25,10,4,0,1,0,First Innings,1132
Hardik Pandya,4,0,33,0,8.25,4,2,0,1,0,First Innings,1132
Yuzvendra Chahal,4,0,34,1,8.50,9,4,1,2,0,First Innings,1132
Sam Curran,4,1,22,1,5.50,8,2,0,0,0,Second Innings,1132
Jofra Archer,4,0,24,0,6.00,11,3,0,1,0,Second Innings,1132
Chris Jordan,2.5,0,38,1,13.41,3,4,2,0,0,Second Innings,1132
Tom Curran,2,0,26,0,13.00,2,2,2,0,0,Second Innings,1132
Ben Stokes,1,0,17,0,17.00,1,0,2,0,1,Second Innings,1132
Adil Rashid,4,0,38,1,9.50,7,1,3,0,0,Second Innings,1132
Adil Rashid,3,0,14,1,4.66,11,2,0,0,0,First Innings,1131
Jofra Archer,4,1,23,3,5.75,16,3,1,1,0,First Innings,1131
Mark Wood,4,0,20,1,5.00,11,2,0,0,0,First Innings,1131
Chris Jordan,4,0,27,1,6.75,7,1,1,1,0,First Innings,1131
Ben Stokes,3,0,25,1,8.33,5,2,1,0,0,First Innings,1131
Sam Curran,2,0,15,0,7.50,4,2,0,0,0,First Innings,1131
Axar Patel,3,0,24,0,8.00,9,1,2,0,0,Second Innings,1131
Bhuvneshwar Kumar,2,0,15,0,7.50,6,2,0,0,0,Second Innings,1131
Yuzvendra Chahal,4,0,44,1,11.00,7,2,4,0,0,Second Innings,1131
Shardul Thakur,2,0,16,0,8.00,3,1,0,2,0,Second Innings,1131
Hardik Pandya,2,0,13,0,6.50,5,2,0,0,0,Second Innings,1131
Washington Sundar,2.3,0,18,1,7.20,5,1,1,0,0,Second Innings,1131
Bhuvneshwar Kumar,4,0,35,0,8.75,14,2,2,2,0,First Innings,1911
Arshdeep Singh,4,0,37,4,9.25,14,6,1,1,1,First Innings,1911
Mohammed Siraj,4,0,17,4,4.25,14,2,0,1,0,First Innings,1911
Deepak Hooda,1,0,3,0,3.00,3,0,0,0,0,First Innings,1911
Yuzvendra Chahal,3,0,35,0,11.66,4,4,1,0,0,First Innings,1911
Harshal Patel,3.4,0,28,1,7.63,7,1,1,0,0,First Innings,1911
Tim Southee,3,0,27,2,9.00,12,3,2,2,0,Second Innings,1911
Adam Milne,2,0,23,1,11.50,5,4,0,0,0,Second Innings,1911
Lockie Ferguson,1,0,8,0,8.00,3,0,1,0,0,Second Innings,1911
Ish Sodhi,2,0,12,1,6.00,1,0,0,0,0,Second Innings,1911
Mitchell Santner,1,0,5,0,5.00,2,0,0,0,0,Second Innings,1911
Tim Southee,4,0,34,3,8.50,11,4,1,2,0,First Innings,1898
Adam Milne,4,0,35,0,8.75,11,1,2,3,0,First Innings,1898
Lockie Ferguson,4,0,49,2,12.25,10,6,3,0,0,First Innings,1898
James Neesham,1,0,9,0,9.00,3,2,0,0,0,First Innings,1898
Ish Sodhi,4,0,35,1,8.75,8,4,1,0,0,First Innings,1898
Mitchell Santner,3,0,27,0,9.00,4,1,2,0,0,First Innings,1898
Bhuvneshwar Kumar,3,0,12,1,4.00,10,1,0,0,0,Second Innings,1898
Arshdeep Singh,3,0,29,0,9.66,8,2,1,2,0,Second Innings,1898
Mohammed Siraj,4,1,24,2,6.00,13,2,1,1,0,Second Innings,1898
Washington Sundar,2,0,24,1,12.00,3,3,1,0,0,Second Innings,1898
Yuzvendra Chahal,4,0,26,2,6.50,6,0,1,0,0,Second Innings,1898
Deepak Hooda,2.5,0,10,4,3.52,8,0,0,0,0,Second Innings,1898
Ben Stokes,2,0,18,0,9.00,5,2,1,0,0,First Innings,1878
Chris Woakes,3,0,24,1,8.00,5,1,1,2,0,First Innings,1878
Sam Curran,4,0,42,0,10.50,9,5,2,0,0,First Innings,1878
Adil Rashid,4,0,20,1,5.00,8,1,0,0,0,First Innings,1878
Liam Livingstone,3,0,21,0,7.00,7,3,0,0,0,First Innings,1878
Chris Jordan,4,0,43,3,10.75,8,3,3,1,0,First Innings,1878
Bhuvneshwar Kumar,2,0,25,0,12.50,4,3,1,1,0,Second Innings,1878
Arshdeep Singh,2,0,15,0,7.50,4,2,0,1,0,Second Innings,1878
Axar Patel,4,0,30,0,7.50,10,2,2,0,0,Second Innings,1878
Mohammed Shami,3,0,39,0,13.00,7,4,3,0,0,Second Innings,1878
Ravichandran Ashwin,2,0,27,0,13.50,1,1,2,1,0,Second Innings,1878
Hardik Pandya,3,0,34,0,11.33,5,1,2,0,0,Second Innings,1878
Richard Ngarava,4,1,44,1,11.00,12,2,4,1,1,First Innings,1873
Tendai Chatara,4,0,34,0,8.50,5,3,1,0,0,First Innings,1873
Blessing Muzarabani,4,0,50,1,12.50,5,8,0,1,0,First Innings,1873
Wellington Masakadza,2,0,12,0,6.00,5,1,0,1,0,First Innings,1873
Ryan Burl,1,0,14,0,14.00,1,1,1,0,0,First Innings,1873
Sikandar Raza,3,0,18,1,6.00,5,0,1,0,0,First Innings,1873
Sean Williams,2,0,9,2,4.50,6,0,0,2,0,First Innings,1873
Bhuvneshwar Kumar,3,1,11,1,3.66,14,1,0,1,0,Second Innings,1873
Arshdeep Singh,2,0,9,1,4.50,9,1,0,2,0,Second Innings,1873
Mohammed Shami,2,0,14,2,7.00,7,1,1,0,0,Second Innings,1873
Hardik Pandya,3,0,16,2,5.33,10,1,0,2,1,Second Innings,1873
Ravichandran Ashwin,4,0,22,3,5.50,13,3,0,1,0,Second Innings,1873
Axar Patel,3.2,0,40,1,12.00,4,5,1,0,0,Second Innings,1873
Taskin Ahmed,4,0,15,0,3.75,16,2,0,0,0,First Innings,1860
Shoriful Islam,4,0,57,0,14.25,7,4,4,2,2,First Innings,1860
Hasan Mahmud,4,0,47,3,11.75,7,6,2,0,1,First Innings,1860
Mustafizur Rahman,4,0,31,0,7.75,9,4,0,0,0,First Innings,1860
Shakib Al Hasan,4,0,33,2,8.25,3,2,0,0,0,First Innings,1860
Bhuvneshwar Kumar,3,0,27,0,9.00,7,2,2,0,0,Second Innings,1860
Arshdeep Singh,4,0,38,2,9.50,10,5,1,0,0,Second Innings,1860
Mohammed Shami,3,0,25,1,8.33,7,2,1,0,0,Second Innings,1860
Axar Patel,1,0,6,0,6.00,2,0,0,0,0,Second Innings,1860
Ravichandran Ashwin,2,0,19,0,9.50,4,3,0,1,0,Second Innings,1860
Hardik Pandya,3,0,28,2,9.33,8,1,3,0,0,Second Innings,1860
Wayne Parnell,4,1,15,3,3.75,16,0,1,0,0,First Innings,1853
Kagiso Rabada,4,0,26,0,6.50,13,2,1,1,0,First Innings,1853
Lungi Ngidi,4,0,29,4,7.25,10,3,1,0,0,First Innings,1853
Anrich Nortje,4,0,23,1,5.75,12,1,1,0,0,First Innings,1853
Keshav Maharaj,3,0,28,0,9.33,5,3,1,0,0,First Innings,1853
Aiden Markram,1,0,5,0,5.00,1,0,0,0,0,First Innings,1853
Bhuvneshwar Kumar,3.4,0,21,0,5.72,13,2,1,0,0,Second Innings,1853
Arshdeep Singh,4,0,25,2,6.25,13,4,0,1,0,Second Innings,1853
Mohammed Shami,4,0,13,1,3.25,15,1,0,0,0,Second Innings,1853
Hardik Pandya,4,0,29,1,7.25,8,3,0,0,0,Second Innings,1853
Ravichandran Ashwin,4,0,43,1,10.75,5,1,4,0,0,Second Innings,1853
Fred Klaassen,4,0,33,1,8.25,9,2,1,2,0,First Innings,1848
Tim Pringle,4,0,30,0,7.50,6,3,0,0,0,First Innings,1848
Paul van Meekeren,4,0,32,1,8.00,9,3,1,0,0,First Innings,1848
Bas de Leede,3,0,33,0,11.00,6,5,1,1,0,First Innings,1848
Logan van Beek,4,0,45,0,11.25,3,2,3,0,0,First Innings,1848
Shariz Ahmad,1,0,5,0,5.00,2,0,0,0,0,First Innings,1848
Bhuvneshwar Kumar,3,2,9,2,3.00,14,1,0,0,0,Second Innings,1848
Arshdeep Singh,4,0,37,2,9.25,9,6,0,1,1,Second Innings,1848
Mohammed Shami,4,0,27,1,6.75,10,2,0,0,0,Second Innings,1848
Axar Patel,4,0,18,2,4.50,11,0,0,0,0,Second Innings,1848
Hardik Pandya,1,0,9,0,9.00,1,0,0,1,0,Second Innings,1848
Ravichandran Ashwin,4,0,21,2,5.25,13,1,1,1,0,Second Innings,1848
Bhuvneshwar Kumar,4,0,22,1,5.50,17,1,1,3,0,First Innings,1842
Arshdeep Singh,4,0,32,3,8.00,10,3,1,1,0,First Innings,1842
Mohammed Shami,4,0,25,1,6.25,14,4,0,1,0,First Innings,1842
Hardik Pandya,4,0,30,3,7.50,10,4,0,0,0,First Innings,1842
Ravichandran Ashwin,3,0,23,0,7.66,5,0,1,1,0,First Innings,1842
Axar Patel,1,0,21,0,21.00,2,0,3,0,0,First Innings,1842
Shaheen Shah Afridi,4,0,34,0,8.50,7,4,0,1,0,Second Innings,1842
Naseem Shah,4,0,23,1,5.75,10,1,0,0,0,Second Innings,1842
Haris Rauf,4,0,36,2,9.00,11,2,2,1,0,Second Innings,1842
Shadab Khan,4,0,21,0,5.25,10,2,0,0,0,Second Innings,1842
Mohammad Nawaz,4,0,42,2,10.50,8,0,4,2,1,Second Innings,1842
Deepak Chahar,4,0,48,1,12.00,11,1,5,3,1,First Innings,1805
Mohammed Siraj,4,0,44,0,11.00,7,4,2,1,1,First Innings,1805
Ravichandran Ashwin,4,0,35,0,8.75,7,1,3,0,0,First Innings,1805
Umesh Yadav,3,0,34,1,11.33,6,4,2,0,0,First Innings,1805
Harshal Patel,4,0,49,0,12.25,5,4,3,2,0,First Innings,1805
Axar Patel,1,0,13,0,13.00,1,1,1,0,0,First Innings,1805
Kagiso Rabada,4,0,24,1,6.00,13,4,0,1,0,Second Innings,1805
Wayne Parnell,4,0,41,2,10.25,11,5,2,2,0,Second Innings,1805
Lungi Ngidi,3,0,51,2,17.00,4,4,4,2,1,Second Innings,1805
Keshav Maharaj,4,0,34,2,8.50,11,2,3,0,0,Second Innings,1805
Dwaine Pretorius,3.3,0,26,3,7.42,9,0,2,4,0,Second Innings,1805
Deepak Chahar,4,0,24,2,6.00,14,1,2,0,0,First Innings,1800
Arshdeep Singh,4,0,32,3,8.00,14,4,1,2,0,First Innings,1800
Ravichandran Ashwin,4,1,8,0,2.00,16,0,0,0,0,First Innings,1800
Harshal Patel,4,0,26,2,6.50,11,2,1,2,0,First Innings,1800
Axar Patel,4,0,16,1,4.00,15,2,0,1,0,First Innings,1800
Kagiso Rabada,4,1,16,1,4.00,18,3,0,0,0,Second Innings,1800
Wayne Parnell,4,0,14,0,3.50,17,1,0,2,0,Second Innings,1800
Anrich Nortje,3,0,32,1,10.66,11,1,4,1,0,Second Innings,1800
Tabraiz Shamsi,2.4,0,27,0,10.12,4,1,2,1,0,Second Innings,1800
Keshav Maharaj,3,0,21,0,7.00,6,1,1,0,0,Second Innings,1800
Bhuvneshwar Kumar,3,0,39,1,13.00,6,2,3,2,0,First Innings,1796
Axar Patel,4,0,33,3,8.25,12,7,0,0,0,First Innings,1796
Jasprit Bumrah,4,0,50,0,12.50,5,3,3,0,0,First Innings,1796
Hardik Pandya,3,0,23,0,7.66,10,3,1,0,0,First Innings,1796
Yuzvendra Chahal,4,0,22,1,5.50,8,1,0,0,0,First Innings,1796
Harshal Patel,2,0,18,1,9.00,7,0,2,1,1,First Innings,1796
Daniel Sams,3.5,0,33,2,8.60,8,1,2,2,0,Second Innings,1796
Josh Hazlewood,4,0,40,1,10.00,11,2,4,0,0,Second Innings,1796
Adam Zampa,4,0,44,0,11.00,5,3,3,0,0,Second Innings,1796
Pat Cummins,4,0,40,1,10.00,8,3,2,1,0,Second Innings,1796
Cameron Green,3,0,14,0,4.66,8,1,0,1,0,Second Innings,1796
Glenn Maxwell,1,0,11,0,11.00,1,2,0,0,0,Second Innings,1796
Hardik Pandya,1,0,10,0,10.00,2,2,0,0,0,First Innings,1794
Axar Patel,2,0,13,2,6.50,8,3,0,0,0,First Innings,1794
Yuzvendra Chahal,1,0,12,0,12.00,0,0,1,0,0,First Innings,1794
Jasprit Bumrah,2,0,23,1,11.50,1,3,0,1,0,First Innings,1794
Harshal Patel,2,0,32,0,16.00,2,2,3,0,0,First Innings,1794
Josh Hazlewood,1,0,20,0,20.00,1,0,3,0,0,Second Innings,1794
Pat Cummins,2,0,23,1,11.50,5,2,1,3,0,Second Innings,1794
Adam Zampa,2,0,16,3,8.00,4,1,1,0,0,Second Innings,1794
Daniel Sams,1.2,0,20,0,15.00,2,3,1,0,0,Second Innings,1794
Sean Abbott,1,0,11,0,11.00,2,2,0,1,0,Second Innings,1794
Josh Hazlewood,4,0,39,2,9.75,9,4,2,1,0,First Innings,1788
Pat Cummins,4,0,47,0,11.75,9,5,3,0,0,First Innings,1788
Adam Zampa,4,0,36,0,9.00,5,2,2,1,0,First Innings,1788
Nathan Ellis,4,0,30,3,7.50,8,3,0,2,0,First Innings,1788
Cameron Green,3,0,46,1,15.33,4,2,5,0,0,First Innings,1788
Glenn Maxwell,1,0,10,0,10.00,1,0,1,0,0,First Innings,1788
Bhuvneshwar Kumar,4,0,52,0,13.00,7,8,1,4,0,Second Innings,1788
Umesh Yadav,2,0,27,2,13.50,5,5,1,0,0,Second Innings,1788
Axar Patel,4,0,17,3,4.25,12,0,1,0,0,Second Innings,1788
Yuzvendra Chahal,3.2,0,42,1,12.60,5,5,2,1,0,Second Innings,1788
Harshal Patel,4,0,49,0,12.25,7,3,4,1,0,Second Innings,1788
Hardik Pandya,2,0,22,0,11.00,2,4,0,0,0,Second Innings,1788
Fazalhaq Farooqi,4,0,51,0,12.75,4,5,2,2,0,First Innings,1761
Mujeeb Ur Rahman,4,0,29,0,7.25,9,3,1,0,0,First Innings,1761
Fareed Ahmad,4,0,57,2,14.25,5,7,3,0,0,First Innings,1761
Rashid Khan,4,0,33,0,8.25,8,2,2,0,0,First Innings,1761
Mohammad Nabi,3,0,34,0,11.33,0,3,1,0,0,First Innings,1761
Azmatullah Omarzai,1,0,8,0,8.00,1,1,0,0,0,First Innings,1761
Bhuvneshwar Kumar,4,1,4,5,1.00,20,0,0,0,0,Second Innings,1761
Deepak Chahar,4,0,28,0,7.00,8,3,0,0,0,Second Innings,1761
Arshdeep Singh,2,0,7,1,3.50,8,1,0,0,0,Second Innings,1761
Axar Patel,4,0,24,0,6.00,10,3,0,0,0,Second Innings,1761
Ravichandran Ashwin,4,0,27,1,6.75,13,2,1,3,0,Second Innings,1761
Deepak Hooda,1,0,3,1,3.00,3,0,0,0,0,Second Innings,1761
Dinesh Karthik,1,0,18,0,18.00,1,0,2,0,0,Second Innings,1761
Dilshan Madushanka,4,0,24,3,6.00,11,0,1,3,0,First Innings,1759
Maheesh Theekshana,4,0,29,1,7.25,6,3,0,1,0,First Innings,1759
Chamika Karunaratne,4,0,27,2,6.75,8,1,1,0,0,First Innings,1759
Asitha Fernando,2,0,28,0,14.00,1,2,2,0,0,First Innings,1759
Wanindu Hasaranga,4,0,39,0,9.75,4,2,2,0,0,First Innings,1759
Dasun Shanaka,2,0,26,2,13.00,4,2,1,3,1,First Innings,1759
Bhuvneshwar Kumar,4,0,30,0,7.50,8,4,0,2,0,Second Innings,1759
Arshdeep Singh,3.5,0,40,0,10.43,4,4,1,0,0,Second Innings,1759
Hardik Pandya,4,0,35,0,8.75,6,2,2,0,0,Second Innings,1759
Yuzvendra Chahal,4,0,34,3,8.50,9,1,3,1,0,Second Innings,1759
Ravichandran Ashwin,4,0,32,1,8.00,6,1,2,0,0,Second Innings,1759
Naseem Shah,4,0,45,1,11.25,6,3,3,0,0,First Innings,1758
Mohammad Hasnain,4,0,38,1,9.50,8,3,1,3,0,First Innings,1758
Haris Rauf,4,0,38,1,9.50,10,4,1,2,0,First Innings,1758
Mohammad Nawaz,4,0,25,1,6.25,7,2,0,0,0,First Innings,1758
Shadab Khan,4,0,31,2,7.75,7,4,0,1,0,First Innings,1758
Bhuvneshwar Kumar,4,0,40,1,10.00,8,5,1,2,0,Second Innings,1758
Arshdeep Singh,3.5,0,27,1,7.04,10,2,1,0,0,Second Innings,1758
Ravi Bishnoi,4,0,26,1,6.50,8,0,1,3,0,Second Innings,1758
Hardik Pandya,4,0,44,1,11.00,6,6,1,1,0,Second Innings,1758
Yuzvendra Chahal,4,0,43,1,10.75,6,6,1,0,0,Second Innings,1758
Haroon Arshad,3,0,53,0,17.66,4,1,6,1,2,First Innings,1754
Ayush Shukla,4,0,29,1,7.25,13,4,1,1,0,First Innings,1754
Ehsan Khan,4,0,26,0,6.50,7,0,1,1,0,First Innings,1754
Aizaz Khan,3,0,37,0,12.33,2,1,3,2,0,First Innings,1754
Yasim Murtaza,4,0,27,0,6.75,7,2,0,0,0,First Innings,1754
Mohammad Ghazanfar,2,0,19,1,9.50,2,1,1,0,0,First Innings,1754
Bhuvneshwar Kumar,3,0,15,1,5.00,11,0,1,1,0,Second Innings,1754
Arshdeep Singh,4,0,44,1,11.00,7,8,0,0,2,Second Innings,1754
Ravindra Jadeja,4,0,15,1,3.75,12,0,0,2,0,Second Innings,1754
Avesh Khan,4,0,53,1,13.25,7,5,4,0,0,Second Innings,1754
Yuzvendra Chahal,4,0,18,0,4.50,11,1,0,0,0,Second Innings,1754
Virat Kohli,1,0,6,0,6.00,1,0,0,0,0,Second Innings,1754
Bhuvneshwar Kumar,4,0,26,4,6.50,13,3,1,0,0,First Innings,1750
Arshdeep Singh,3.5,0,33,2,8.60,13,4,1,2,0,First Innings,1750
Hardik Pandya,4,0,25,3,6.25,10,2,0,2,0,First Innings,1750
Avesh Khan,2,0,19,1,9.50,4,2,1,0,0,First Innings,1750
Yuzvendra Chahal,4,0,32,0,8.00,4,1,1,0,0,First Innings,1750
Ravindra Jadeja,2,0,11,0,5.50,4,1,0,0,0,First Innings,1750
Naseem Shah,4,0,27,2,6.75,12,2,1,2,0,Second Innings,1750
Shahnawaz Dahani,4,0,29,0,7.25,7,2,0,2,0,Second Innings,1750
Haris Rauf,4,0,35,0,8.75,11,4,1,2,0,Second Innings,1750
Shadab Khan,4,0,19,0,4.75,10,1,0,0,0,Second Innings,1750
Mohammad Nawaz,3.4,0,33,3,9.00,7,1,3,0,0,Second Innings,1750
Jason Holder,4,0,38,1,9.50,11,4,2,0,1,First Innings,1726
Obed McCoy,2,0,27,0,13.50,2,3,1,3,0,First Innings,1726
Dominic Drakes,3,0,24,1,8.00,8,4,0,0,0,First Innings,1726
Keemo Paul,2,0,24,0,12.00,3,3,0,1,2,First Innings,1726
Hayden Walsh,4,0,33,1,8.25,5,3,1,0,0,First Innings,1726
Odean Smith,4,0,33,3,8.25,8,0,3,2,0,First Innings,1726
Rovman Powell,1,0,9,0,9.00,1,1,0,1,0,First Innings,1726
Axar Patel,3,1,15,3,5.00,13,3,0,1,0,Second Innings,1726
Arshdeep Singh,2,0,18,0,9.00,3,3,0,0,0,Second Innings,1726
Avesh Khan,2,0,20,0,10.00,6,1,2,1,0,Second Innings,1726
Hardik Pandya,2,0,19,0,9.50,3,0,2,0,0,Second Innings,1726
Kuldeep Yadav,4,1,12,3,3.00,16,1,0,0,0,Second Innings,1726
Ravi Bishnoi,2.4,0,16,4,6.00,12,2,0,2,0,Second Innings,1726
Akeal Hosein,4,0,28,1,7.00,8,2,1,0,0,First Innings,1725
Dominic Drakes,4,0,31,0,7.75,7,3,0,2,0,First Innings,1725
Obed McCoy,4,0,66,2,16.50,3,3,6,4,0,First Innings,1725
Alzarri Joseph,4,0,29,2,7.25,8,2,1,1,0,First Innings,1725
Jason Holder,4,0,33,0,8.25,5,4,0,2,0,First Innings,1725
Bhuvneshwar Kumar,3,0,21,0,7.00,8,3,0,1,0,Second Innings,1725
Avesh Khan,4,0,17,2,4.25,14,2,0,1,0,Second Innings,1725
Axar Patel,4,0,48,2,12.00,11,2,5,3,0,Second Innings,1725
Arshdeep Singh,3.1,0,12,3,3.78,13,2,0,0,0,Second Innings,1725
Ravi Bishnoi,4,0,27,2,6.75,14,2,2,0,0,Second Innings,1725
Deepak Hooda,1,0,4,0,4.00,2,0,0,0,0,Second Innings,1725
Deepak Hooda,1,0,1,0,1.00,5,0,0,0,0,First Innings,1720
Bhuvneshwar Kumar,4,0,35,2,8.75,11,3,2,0,0,First Innings,1720
Avesh Khan,3,0,47,0,15.66,2,4,3,2,0,First Innings,1720
Hardik Pandya,4,0,19,1,4.75,13,1,1,0,0,First Innings,1720
Arshdeep Singh,4,0,33,1,8.25,8,4,1,0,0,First Innings,1720
Ravichandran Ashwin,4,0,26,0,6.50,12,3,1,0,0,First Innings,1720
Obed McCoy,4,0,34,0,8.50,9,5,0,1,0,Second Innings,1720
Alzarri Joseph,4,0,39,0,9.75,9,3,3,0,0,Second Innings,1720
Dominic Drakes,4,0,33,1,8.25,7,5,0,0,0,Second Innings,1720
Jason Holder,3,0,30,1,10.00,2,2,1,2,0,Second Innings,1720
Akeal Hosein,4,0,28,1,7.00,10,0,2,2,1,Second Innings,1720
Obed McCoy,4,1,17,6,4.25,15,0,1,1,0,First Innings,1718
Alzarri Joseph,4,0,29,1,7.25,12,1,2,0,0,First Innings,1718
Odean Smith,4,0,43,0,10.75,7,2,3,1,0,First Innings,1718
Akeal Hosein,4,0,22,1,5.50,11,1,1,0,0,First Innings,1718
Jason Holder,3.4,0,23,2,6.27,6,0,1,1,0,First Innings,1718
Bhuvneshwar Kumar,2,0,12,0,6.00,6,2,0,0,0,Second Innings,1718
Arshdeep Singh,4,0,26,1,6.50,10,3,0,0,1,Second Innings,1718
Ravindra Jadeja,3,0,16,1,5.33,8,1,0,0,0,Second Innings,1718
Ravichandran Ashwin,4,0,32,1,8.00,7,3,1,0,0,Second Innings,1718
Hardik Pandya,4,0,22,1,5.50,11,1,1,1,0,Second Innings,1718
Avesh Khan,2.2,0,31,1,13.28,6,2,3,0,1,Second Innings,1718
Obed McCoy,4,0,30,1,7.50,12,3,1,1,0,First Innings,1702
Jason Holder,4,0,50,1,12.50,3,3,3,2,1,First Innings,1702
Akeal Hosein,4,0,14,1,3.50,14,1,0,1,0,First Innings,1702
Alzarri Joseph,4,0,46,2,11.50,5,4,2,1,0,First Innings,1702
Odean Smith,2,0,18,0,9.00,3,3,0,0,0,First Innings,1702
Keemo Paul,2,0,24,1,12.00,3,4,0,2,0,First Innings,1702
Bhuvneshwar Kumar,2,1,11,1,5.50,8,2,0,0,0,Second Innings,1702
Arshdeep Singh,4,0,24,2,6.00,10,1,1,1,1,Second Innings,1702
Ravindra Jadeja,4,0,26,1,6.50,12,3,1,0,0,Second Innings,1702
Ravichandran Ashwin,4,0,22,2,5.50,13,0,2,0,0,Second Innings,1702
Hardik Pandya,2,0,12,0,6.00,5,0,1,0,0,Second Innings,1702
Ravi Bishnoi,4,0,26,2,6.50,12,2,1,2,1,Second Innings,1702
Avesh Khan,4,0,43,1,10.75,12,2,3,1,1,First Innings,1631
Umran Malik,4,0,56,1,14.00,7,6,3,3,0,First Innings,1631
Ravi Bishnoi,4,0,30,2,7.50,11,2,1,0,1,First Innings,1631
Ravindra Jadeja,4,0,45,0,11.25,7,2,4,1,0,First Innings,1631
Harshal Patel,4,0,35,2,8.75,8,2,2,0,0,First Innings,1631
David Willey,4,0,40,2,10.00,8,4,2,1,0,Second Innings,1631
Reece Topley,4,0,22,3,5.50,12,3,0,1,0,Second Innings,1631
Richard Gleeson,4,0,31,1,7.75,10,2,2,0,0,Second Innings,1631
Chris Jordan,4,0,37,2,9.25,7,4,1,1,0,Second Innings,1631
Liam Livingstone,2,0,36,0,18.00,4,3,3,1,1,Second Innings,1631
Moeen Ali,2,0,31,1,15.50,4,3,2,3,0,Second Innings,1631
David Willey,3,0,35,0,11.66,6,3,2,2,0,First Innings,1628
Sam Curran,3,0,26,0,8.66,7,3,0,3,0,First Innings,1628
Moeen Ali,2,0,23,0,11.50,3,3,1,0,0,First Innings,1628
Richard Gleeson,4,1,15,3,3.75,16,1,0,1,0,First Innings,1628
Matt Parkinson,2,0,21,0,10.50,2,3,0,1,0,First Innings,1628
Chris Jordan,4,0,27,4,6.75,10,2,1,0,0,First Innings,1628
Liam Livingstone,2,0,23,0,11.50,2,2,0,1,0,First Innings,1628
Bhuvneshwar Kumar,3,1,15,3,5.00,11,2,0,0,0,Second Innings,1628
Jasprit Bumrah,3,1,10,2,3.33,11,1,0,0,0,Second Innings,1628
Hardik Pandya,3,0,29,1,9.66,6,2,2,0,0,Second Innings,1628
Harshal Patel,4,0,34,1,8.50,11,5,1,1,0,Second Innings,1628
Yuzvendra Chahal,2,0,10,2,5.00,5,1,0,0,0,Second Innings,1628
Ravindra Jadeja,2,0,22,0,11.00,1,2,1,0,0,Second Innings,1628
Sam Curran,2,0,18,0,9.00,1,2,0,0,0,First Innings,1616
Reece Topley,4,0,34,1,8.50,11,5,0,1,0,First Innings,1616
Moeen Ali,2,0,26,2,13.00,5,3,2,0,0,First Innings,1616
Tymal Mills,3,0,35,1,11.66,6,3,2,1,0,First Innings,1616
Matt Parkinson,4,0,44,1,11.00,6,5,1,3,0,First Innings,1616
Chris Jordan,4,0,23,2,5.75,9,2,0,1,0,First Innings,1616
Liam Livingstone,1,0,15,0,15.00,0,3,0,0,0,First Innings,1616
Bhuvneshwar Kumar,3,0,10,1,3.33,11,1,0,0,0,Second Innings,1616
Arshdeep Singh,3.3,1,18,2,5.14,13,2,0,2,0,Second Innings,1616
Hardik Pandya,4,0,33,4,8.25,10,3,1,1,0,Second Innings,1616
Harshal Patel,3,0,24,1,8.00,9,3,1,0,0,Second Innings,1616
Yuzvendra Chahal,4,0,32,2,8.00,9,2,2,0,0,Second Innings,1616
Axar Patel,2,0,23,0,11.50,2,2,1,1,0,Second Innings,1616
Mark Adair,4,0,42,3,10.50,8,3,3,0,0,First Innings,1586
Josh Little,4,0,38,2,9.50,11,8,0,1,0,First Innings,1586
Craig Young,4,0,35,2,8.75,9,4,1,0,1,First Innings,1586
Gareth Delany,4,0,43,0,10.75,4,2,3,1,0,First Innings,1586
Conor Olphert,3,0,47,0,15.66,3,5,2,4,1,First Innings,1586
Andy McBrine,1,0,16,0,16.00,0,0,2,0,0,First Innings,1586
Bhuvneshwar Kumar,4,0,46,1,11.50,10,7,2,1,0,Second Innings,1586
Hardik Pandya,2,0,18,0,9.00,8,1,2,1,0,Second Innings,1586
Harshal Patel,4,0,54,1,13.50,9,2,6,1,1,Second Innings,1586
Ravi Bishnoi,4,0,41,1,10.25,9,4,2,2,1,Second Innings,1586
Umran Malik,4,0,42,1,10.50,10,4,2,3,2,Second Innings,1586
Axar Patel,2,0,12,0,6.00,3,1,0,0,0,Second Innings,1586
Bhuvneshwar Kumar,3,1,16,1,5.33,11,1,1,0,0,First Innings,1580
Hardik Pandya,2,0,26,1,13.00,5,2,2,1,0,First Innings,1580
Avesh Khan,2,0,22,1,11.00,4,2,1,1,0,First Innings,1580
Axar Patel,1,0,12,0,12.00,0,2,0,0,0,First Innings,1580
Umran Malik,1,0,14,0,14.00,1,1,1,1,0,First Innings,1580
Yuzvendra Chahal,3,0,11,1,3.66,7,0,0,0,0,First Innings,1580
Josh Little,2.2,0,39,1,16.71,4,6,2,1,0,Second Innings,1580
Mark Adair,2,0,14,0,7.00,6,2,0,2,0,Second Innings,1580
Craig Young,2,0,18,2,9.00,7,2,1,1,1,Second Innings,1580
Andy McBrine,1,0,21,0,21.00,1,0,3,1,0,Second Innings,1580
Conor Olphert,2,0,18,0,9.00,5,1,1,2,0,Second Innings,1580
Keshav Maharaj,1,0,16,0,16.00,1,0,2,0,0,First Innings,1575
Lungi Ngidi,1.3,0,6,2,4.00,5,0,0,1,0,First Innings,1575
Kagiso Rabada,1,0,5,0,5.00,4,1,0,0,0,First Innings,1575
Marco Jansen,4,0,38,1,9.50,10,5,1,1,1,First Innings,1572
Lungi Ngidi,3,0,20,2,6.66,11,2,1,1,0,First Innings,1572
Dwaine Pretorius,4,0,41,1,10.25,8,4,2,1,0,First Innings,1572
Anrich Nortje,3,0,21,1,7.00,10,4,0,0,0,First Innings,1572
Tabraiz Shamsi,2,0,18,0,9.00,4,0,2,0,0,First Innings,1572
Keshav Maharaj,4,0,29,1,7.25,10,5,0,0,0,First Innings,1572
Bhuvneshwar Kumar,2,0,8,0,4.00,8,1,0,0,0,Second Innings,1572
Hardik Pandya,1,0,12,0,12.00,1,2,0,0,0,Second Innings,1572
Avesh Khan,4,0,18,4,4.50,15,2,0,0,0,Second Innings,1572
Harshal Patel,2,0,3,1,1.50,9,0,0,0,0,Second Innings,1572
Yuzvendra Chahal,4,0,21,2,5.25,12,1,1,1,0,Second Innings,1572
Axar Patel,3.5,0,19,1,4.95,12,1,1,0,0,Second Innings,1572
Kagiso Rabada,4,0,31,1,7.75,9,3,1,0,0,First Innings,1571
Wayne Parnell,4,0,32,0,8.00,7,4,0,0,0,First Innings,1571
Anrich Nortje,2,0,23,0,11.50,6,4,1,0,0,First Innings,1571
Dwaine Pretorius,4,0,29,2,7.25,6,1,1,2,0,First Innings,1571
Tabraiz Shamsi,4,0,36,1,9.00,6,2,2,0,0,First Innings,1571
Keshav Maharaj,2,0,24,1,12.00,3,3,1,0,0,First Innings,1571
Bhuvneshwar Kumar,4,0,21,1,5.25,10,2,0,0,0,Second Innings,1571
Avesh Khan,4,0,35,0,8.75,9,4,1,0,0,Second Innings,1571
Axar Patel,4,0,28,1,7.00,12,1,2,0,0,Second Innings,1571
Yuzvendra Chahal,4,0,20,3,5.00,11,1,0,3,0,Second Innings,1571
Harshal Patel,3.1,0,25,4,7.89,5,2,1,0,0,Second Innings,1571
Kagiso Rabada,4,0,15,1,3.75,13,1,0,1,0,First Innings,1569
Wayne Parnell,4,0,23,1,5.75,11,2,0,2,0,First Innings,1569
Anrich Nortje,4,0,36,2,9.00,8,3,2,1,0,First Innings,1569
Dwaine Pretorius,4,0,40,1,10.00,6,2,3,0,0,First Innings,1569
Tabraiz Shamsi,2,0,21,0,10.50,4,2,1,2,0,First Innings,1569
Keshav Maharaj,2,0,12,1,6.00,5,0,1,0,0,First Innings,1569
Bhuvneshwar Kumar,4,0,13,4,3.25,17,2,0,0,0,Second Innings,1569
Avesh Khan,3,0,17,0,5.66,11,3,0,0,0,Second Innings,1569
Hardik Pandya,3,0,31,0,10.33,6,3,2,0,0,Second Innings,1569
Yuzvendra Chahal,4,0,49,1,12.25,7,3,4,1,0,Second Innings,1569
Harshal Patel,3,0,17,1,5.66,6,1,0,1,0,Second Innings,1569
Axar Patel,1,0,19,0,19.00,0,2,1,0,0,Second Innings,1569
Shreyas Iyer,0.2,0,2,0,6.00,1,0,0,0,0,Second Innings,1569
Keshav Maharaj,3,0,43,1,14.33,7,4,3,1,0,First Innings,1554
Kagiso Rabada,4,0,35,0,8.75,11,4,1,4,0,First Innings,1554
Anrich Nortje,4,0,36,1,9.00,11,2,3,0,0,First Innings,1554
Wayne Parnell,4,0,32,1,8.00,11,3,2,0,0,First Innings,1554
Tabraiz Shamsi,2,0,27,0,13.50,2,0,3,1,0,First Innings,1554
Dwaine Pretorius,3,0,35,1,11.66,3,3,2,1,0,First Innings,1554
Bhuvneshwar Kumar,4,0,43,1,10.75,10,4,3,1,0,Second Innings,1554
Avesh Khan,4,0,35,0,8.75,10,5,0,2,1,Second Innings,1554
Yuzvendra Chahal,2.1,0,26,0,12.00,4,4,1,0,0,Second Innings,1554
Hardik Pandya,1,0,18,0,18.00,3,0,3,0,0,Second Innings,1554
Harshal Patel,4,0,43,1,10.75,10,3,4,0,0,Second Innings,1554
Axar Patel,4,0,40,1,10.00,3,1,3,0,0,Second Innings,1554
Mohammed Siraj,4,0,22,1,5.50,13,3,0,0,0,First Innings,1494
Avesh Khan,4,1,23,2,5.75,15,2,1,2,0,First Innings,1494
Harshal Patel,4,0,29,1,7.25,9,2,1,1,0,First Innings,1494
Kuldeep Yadav,4,0,22,0,5.50,10,2,0,0,0,First Innings,1494
Ravi Bishnoi,4,0,32,1,8.00,6,3,0,2,0,First Innings,1494
Binura Fernando,4,0,35,0,8.75,8,6,0,0,0,Second Innings,1494
Dushmantha Chameera,3,0,19,1,6.33,7,2,0,2,0,Second Innings,1494
Lahiru Kumara,3.5,0,39,2,10.17,5,6,0,2,0,Second Innings,1494
Chamika Karunaratne,3.4,0,31,1,8.45,3,3,0,0,0,Second Innings,1494
Jeffrey Vandersay,2.2,0,24,0,10.28,4,1,2,0,0,Second Innings,1494
Bhuvneshwar Kumar,4,0,36,1,9.00,8,4,1,1,0,First Innings,1493
Jasprit Bumrah,4,0,24,1,6.00,14,4,0,2,0,First Innings,1493
Harshal Patel,4,0,52,1,13.00,7,4,4,1,0,First Innings,1493
Yuzvendra Chahal,4,0,27,1,6.75,7,3,0,0,0,First Innings,1493
Ravindra Jadeja,4,0,37,1,9.25,8,3,2,0,0,First Innings,1493
Dushmantha Chameera,3.1,0,39,1,12.31,5,5,1,3,0,Second Innings,1493
Binura Fernando,4,0,47,0,11.75,6,8,0,1,1,Second Innings,1493
Lahiru Kumara,3,0,31,2,10.33,9,2,3,1,0,Second Innings,1493
Praveen Jayawickrama,2,0,19,0,9.50,4,0,2,0,0,Second Innings,1493
Chamika Karunaratne,3,0,24,0,8.00,3,1,1,0,0,Second Innings,1493
Dasun Shanaka,2,0,24,0,12.00,1,1,1,2,0,Second Innings,1493
Dushmantha Chameera,4,0,42,0,10.50,6,2,2,0,0,First Innings,1492
Lahiru Kumara,4,0,43,1,10.75,5,4,2,1,0,First Innings,1492
Chamika Karunaratne,4,0,46,0,11.50,5,6,1,2,0,First Innings,1492
Praveen Jayawickrama,2,0,15,0,7.50,2,1,0,0,0,First Innings,1492
Jeffrey Vandersay,4,0,34,0,8.50,8,2,1,1,0,First Innings,1492
Dasun Shanaka,2,0,19,1,9.50,2,2,0,1,0,First Innings,1492
Bhuvneshwar Kumar,2,0,9,2,4.50,7,1,0,0,0,Second Innings,1492
Jasprit Bumrah,3,0,19,0,6.33,7,2,0,0,0,Second Innings,1492
Harshal Patel,2,0,10,0,5.00,4,0,0,0,0,Second Innings,1492
Yuzvendra Chahal,3,0,11,1,3.66,8,0,0,0,0,Second Innings,1492
Venkatesh Iyer,3,0,36,2,12.00,4,3,2,1,0,Second Innings,1492
Ravindra Jadeja,4,0,28,1,7.00,9,2,1,0,0,Second Innings,1492
Deepak Hooda,3,0,24,0,8.00,6,1,1,1,0,Second Innings,1492
Jason Holder,4,0,29,1,7.25,14,4,1,2,0,First Innings,1479
Romario Shepherd,4,0,50,1,12.50,10,5,4,1,0,First Innings,1479
Roston Chase,4,0,23,1,5.75,6,1,0,0,0,First Innings,1479
Hayden Walsh,4,0,30,1,7.50,8,1,2,0,0,First Innings,1479
Dominic Drakes,3,0,37,1,12.33,5,4,2,1,0,First Innings,1479
Fabian Allen,1,0,5,0,5.00,1,0,0,0,0,First Innings,1479
Deepak Chahar,1.5,0,15,2,8.18,6,3,0,0,0,Second Innings,1479
Avesh Khan,4,0,42,0,10.50,10,5,2,1,0,Second Innings,1479
Venkatesh Iyer,2.1,0,23,2,10.61,5,3,1,0,0,Second Innings,1479
Shardul Thakur,4,0,33,2,8.25,12,4,1,3,0,Second Innings,1479
Ravi Bishnoi,4,0,29,0,7.25,12,1,2,2,0,Second Innings,1479
Harshal Patel,4,0,22,3,5.50,13,3,0,1,0,Second Innings,1479
Akeal Hosein,4,0,30,0,7.50,10,4,0,0,2,First Innings,1473
Sheldon Cottrell,3,1,20,1,6.66,11,4,0,1,0,First Innings,1473
Jason Holder,4,0,45,0,11.25,6,4,2,2,0,First Innings,1473
Romario Shepherd,3,0,34,1,11.33,4,3,1,2,0,First Innings,1473
Roston Chase,4,0,25,3,6.25,11,2,1,1,0,First Innings,1473
Odean Smith,1,0,10,0,10.00,2,1,0,2,0,First Innings,1473
Kieron Pollard,1,0,14,0,14.00,1,3,0,0,0,First Innings,1473
Bhuvneshwar Kumar,4,0,29,1,7.25,9,2,0,2,0,Second Innings,1473
Deepak Chahar,4,0,40,0,10.00,8,3,3,0,0,Second Innings,1473
Yuzvendra Chahal,4,0,31,1,7.75,6,2,1,2,0,Second Innings,1473
Harshal Patel,4,0,46,0,11.50,4,3,3,1,0,Second Innings,1473
Ravi Bishnoi,4,0,30,1,7.50,9,2,1,2,0,Second Innings,1473
Bhuvneshwar Kumar,4,0,31,1,7.75,13,4,1,1,0,First Innings,1467
Deepak Chahar,3,0,28,1,9.33,9,3,2,0,0,First Innings,1467
Harshal Patel,4,0,37,2,9.25,9,4,1,3,0,First Innings,1467
Yuzvendra Chahal,4,0,34,1,8.50,12,2,3,1,0,First Innings,1467
Ravi Bishnoi,4,0,17,2,4.25,17,1,0,6,0,First Innings,1467
Venkatesh Iyer,1,0,4,0,4.00,2,0,0,0,0,First Innings,1467
Sheldon Cottrell,4,0,35,1,8.75,9,4,1,1,0,Second Innings,1467
Romario Shepherd,3,0,24,0,8.00,5,1,1,2,0,Second Innings,1467
Odean Smith,2,0,31,0,15.50,2,3,2,0,0,Second Innings,1467
Akeal Hosein,4,0,34,0,8.50,4,4,0,0,0,Second Innings,1467
Roston Chase,4,0,14,2,3.50,13,1,0,0,0,Second Innings,1467
Fabian Allen,1.5,0,23,1,12.54,2,3,1,0,0,Second Innings,1467
Brian Bennett,1,0,15,0,15.00,4,2,1,0,1,First Innings,2749
Richard Ngarava,4,0,39,0,9.75,11,5,2,0,0,First Innings,2749
Tendai Chatara,3,0,30,0,10.00,6,4,1,0,0,First Innings,2749
Blessing Muzarabani,4,0,25,2,6.25,12,3,0,1,0,First Innings,2749
Sikandar Raza,4,0,24,2,6.00,10,0,2,0,0,First Innings,2749
Wellington Masakadza,3,0,25,0,8.33,4,3,0,0,0,First Innings,2749
Wessly Madhevere,1,0,19,0,19.00,0,1,2,0,0,First Innings,2749
Khaleel Ahmed,4,0,15,1,3.75,18,3,0,0,0,Second Innings,2749
Avesh Khan,4,0,39,2,9.75,9,5,1,1,0,Second Innings,2749
Ravi Bishnoi,4,0,37,0,9.25,6,3,1,0,0,Second Innings,2749
Washington Sundar,4,0,15,3,3.75,11,0,0,1,0,Second Innings,2749
Abhishek Sharma,2,0,23,0,11.50,3,4,0,0,0,Second Innings,2749
Shivam Dube,2,0,27,0,13.50,1,2,2,0,0,Second Innings,2749
Brian Bennett,2,0,22,0,11.00,3,2,1,1,0,First Innings,2739
Blessing Muzarabani,4,1,30,1,7.50,14,1,3,1,0,First Innings,2739
Tendai Chatara,4,0,38,0,9.50,5,4,1,2,0,First Innings,2739
Sikandar Raza,3,0,34,0,11.33,3,3,2,0,0,First Innings,2739
Luke Jongwe,4,0,53,0,13.25,4,7,2,1,0,First Innings,2739
Dion Myers,1,0,28,0,28.00,0,3,2,1,0,First Innings,2739
Wellington Masakadza,2,0,29,1,14.50,1,0,3,0,0,First Innings,2739
Mukesh Kumar,3.4,0,37,3,10.09,12,4,2,1,1,Second Innings,2739
Abhishek Sharma,3,0,36,0,12.00,5,2,2,1,0,Second Innings,2739
Avesh Khan,3,0,15,3,5.00,10,1,0,2,0,Second Innings,2739
Ravi Bishnoi,4,0,11,2,2.75,15,0,0,0,0,Second Innings,2739
Washington Sundar,4,0,28,1,7.00,8,3,0,0,0,Second Innings,2739
Riyan Parag,1,0,5,0,5.00,2,0,0,0,0,Second Innings,2739
Khaleel Ahmed,3,0,28,0,9.33,9,6,0,0,0,First Innings,2737
Mukesh Kumar,3,0,16,1,5.33,10,2,0,0,0,First Innings,2737
Ravi Bishnoi,4,2,13,4,3.25,17,1,0,1,0,First Innings,2737
Abhishek Sharma,2,0,17,0,8.50,3,2,0,0,0,First Innings,2737
Avesh Khan,4,0,29,1,7.25,13,4,1,0,0,First Innings,2737
Washington Sundar,4,0,11,2,2.75,15,0,0,0,0,First Innings,2737
Brian Bennett,1,1,0,1,0.00,6,0,0,0,0,Second Innings,2737
Wellington Masakadza,3,0,15,1,5.00,12,3,0,0,0,Second Innings,2737
Tendai Chatara,3.5,1,16,3,4.17,15,2,0,0,0,Second Innings,2737
Blessing Muzarabani,4,0,17,1,4.25,17,2,0,1,0,Second Innings,2737
Luke Jongwe,4,0,28,1,7.00,11,3,1,1,0,Second Innings,2737
Sikandar Raza,4,0,25,3,6.25,12,3,0,1,0,Second Innings,2737
Marco Jansen,4,0,49,1,12.25,4,5,2,1,1,First Innings,2729
Keshav Maharaj,3,0,23,2,7.66,10,3,1,0,0,First Innings,2729
Kagiso Rabada,4,0,36,1,9.00,8,2,2,2,0,First Innings,2729
Aiden Markram,2,0,16,0,8.00,1,0,1,0,0,First Innings,2729
Anrich Nortje,4,0,26,2,6.50,7,2,0,2,0,First Innings,2729
Tabraiz Shamsi,3,0,26,0,8.66,4,1,1,1,0,First Innings,2729
Arshdeep Singh,4,0,20,2,5.00,12,2,0,0,0,Second Innings,2729
Jasprit Bumrah,4,0,18,2,4.50,14,2,0,0,0,Second Innings,2729
Axar Patel,4,0,49,1,12.25,8,5,3,2,0,Second Innings,2729
Kuldeep Yadav,4,0,45,0,11.25,6,3,3,0,0,Second Innings,2729
Hardik Pandya,3,0,20,3,6.66,9,1,1,1,1,Second Innings,2729
Ravindra Jadeja,1,0,12,0,12.00,0,0,1,0,0,Second Innings,2729
Reece Topley,3,0,25,1,8.33,8,3,1,0,0,First Innings,2724
Jofra Archer,4,0,33,1,8.25,7,4,0,0,0,First Innings,2724
Sam Curran,2,0,25,1,12.50,3,2,2,0,0,First Innings,2724
Adil Rashid,4,0,25,1,6.25,9,3,0,0,0,First Innings,2724
Chris Jordan,3,0,37,3,12.33,4,0,4,0,0,First Innings,2724
Liam Livingstone,4,0,24,0,6.00,9,1,1,1,0,First Innings,2724
Arshdeep Singh,2,0,17,0,8.50,5,3,0,0,0,Second Innings,2724
Jasprit Bumrah,2.4,0,12,2,4.50,8,1,0,0,0,Second Innings,2724
Axar Patel,4,0,23,3,5.75,10,0,1,0,0,Second Innings,2724
Kuldeep Yadav,4,0,19,3,4.75,12,2,0,0,0,Second Innings,2724
Ravindra Jadeja,3,0,16,0,5.33,6,1,0,0,0,Second Innings,2724
Hardik Pandya,1,0,14,0,14.00,1,1,1,0,0,Second Innings,2724
Mitchell Starc,4,0,45,2,11.25,12,4,4,1,0,First Innings,2721
Josh Hazlewood,4,0,14,1,3.50,13,1,0,0,0,First Innings,2721
Pat Cummins,4,0,48,0,12.00,5,4,3,0,0,First Innings,2721
Adam Zampa,4,0,41,0,10.25,2,1,3,0,0,First Innings,2721
Marcus Stoinis,4,0,56,2,14.00,6,4,5,1,0,First Innings,2721
Arshdeep Singh,4,0,37,3,9.25,12,4,2,2,0,Second Innings,2721
Jasprit Bumrah,4,0,29,1,7.25,11,3,1,0,0,Second Innings,2721
Axar Patel,3,0,21,1,7.00,9,2,1,0,0,Second Innings,2721
Hardik Pandya,4,0,47,0,11.75,8,4,3,1,0,Second Innings,2721
Kuldeep Yadav,4,0,24,2,6.00,9,1,1,0,0,Second Innings,2721
Ravindra Jadeja,1,0,17,0,17.00,0,2,1,0,0,Second Innings,2721
Mahedi Hasan,4,0,28,0,7.00,9,2,1,0,0,First Innings,2716
Shakib Al Hasan,3,0,37,1,12.33,5,2,3,1,0,First Innings,2716
Tanzim Hasan Sakib,4,0,32,2,8.00,11,1,3,1,0,First Innings,2716
Mustafizur Rahman,4,0,48,0,12.00,6,5,2,1,1,First Innings,2716
Rishad Hossain,3,0,43,2,14.33,4,2,4,2,0,First Innings,2716
Mahmudullah,2,0,8,0,4.00,5,0,0,1,0,First Innings,2716
Arshdeep Singh,4,0,30,2,7.50,12,4,1,1,0,Second Innings,2716
Jasprit Bumrah,4,0,13,2,3.25,15,1,0,0,0,Second Innings,2716
Axar Patel,2,0,26,0,13.00,2,2,2,0,0,Second Innings,2716
Hardik Pandya,3,0,32,1,10.66,6,1,3,2,0,Second Innings,2716
Ravindra Jadeja,3,0,24,0,8.00,5,2,1,0,0,Second Innings,2716
Kuldeep Yadav,4,0,19,3,4.75,11,0,1,0,0,Second Innings,2716
Fazalhaq Farooqi,4,0,33,3,8.25,12,4,1,2,0,First Innings,2710
Mohammad Nabi,3,0,24,0,8.00,7,3,0,0,0,First Innings,2710
Naveen-ul-Haq,4,0,40,1,10.00,9,3,2,3,0,First Innings,2710
Rashid Khan,4,0,26,3,6.50,13,3,1,0,0,First Innings,2710
Noor Ahmad,3,0,30,0,10.00,4,1,2,1,0,First Innings,2710
Azmatullah Omarzai,2,0,23,0,11.50,3,2,1,1,0,First Innings,2710
Arshdeep Singh,4,0,36,3,9.00,12,3,2,5,0,Second Innings,2710
Jasprit Bumrah,4,1,7,3,1.75,20,1,0,0,0,Second Innings,2710
Axar Patel,3,1,15,1,5.00,11,0,1,0,0,Second Innings,2710
Hardik Pandya,2,0,13,0,6.50,8,1,1,1,0,Second Innings,2710
Kuldeep Yadav,4,0,32,2,8.00,11,2,2,1,1,Second Innings,2710
Ravindra Jadeja,3,0,20,1,6.66,4,0,1,0,0,Second Innings,2710
Arshdeep Singh,4,0,9,4,2.25,17,0,0,1,0,First Innings,2671
Mohammed Siraj,4,0,25,0,6.25,11,1,1,0,0,First Innings,2671
Jasprit Bumrah,4,0,25,0,6.25,14,1,1,1,0,First Innings,2671
Hardik Pandya,4,1,14,2,3.50,19,1,1,0,0,First Innings,2671
Shivam Dube,1,0,11,0,11.00,3,1,1,0,0,First Innings,2671
Axar Patel,3,0,25,1,8.33,5,0,2,1,0,First Innings,2671
Saurabh Netravalkar,4,0,18,2,4.50,13,0,1,0,0,Second Innings,2671
Ali Khan,3.2,0,21,1,6.30,8,2,0,1,0,Second Innings,2671
Jasdeep Singh,4,0,24,0,6.00,11,1,1,0,1,Second Innings,2671
Shadley van Schalkwyk,4,0,25,0,6.25,8,1,1,0,0,Second Innings,2671
Corey Anderson,3,0,17,0,5.66,8,0,1,1,0,Second Innings,2671
Shaheen Shah Afridi,4,0,29,1,7.25,14,1,2,1,0,First Innings,2658
Naseem Shah,4,0,21,3,5.25,15,3,0,1,1,First Innings,2658
Mohammad Amir,4,0,23,2,5.75,15,3,0,0,0,First Innings,2658
Iftikhar Ahmed,1,0,7,0,7.00,3,1,0,1,0,First Innings,2658
Imad Wasim,3,0,17,0,5.66,6,1,0,1,0,First Innings,2658
Haris Rauf,3,0,21,3,7.00,10,4,0,0,0,First Innings,2658
Arshdeep Singh,4,0,31,1,7.75,11,4,0,1,0,Second Innings,2658
Mohammed Siraj,4,0,19,0,4.75,11,1,0,1,1,Second Innings,2658
Jasprit Bumrah,4,0,14,3,3.50,15,1,0,0,0,Second Innings,2658
Hardik Pandya,4,0,24,2,6.00,11,1,1,1,0,Second Innings,2658
Ravindra Jadeja,2,0,10,0,5.00,5,1,0,0,0,Second Innings,2658
Axar Patel,2,0,11,1,5.50,6,0,1,0,0,Second Innings,2658
Arshdeep Singh,4,0,35,2,8.75,14,3,1,5,1,First Innings,2639
Mohammed Siraj,3,0,13,1,4.33,14,2,0,0,0,First Innings,2639
Jasprit Bumrah,3,1,6,2,2.00,13,0,0,0,0,First Innings,2639
Hardik Pandya,4,1,27,3,6.75,14,2,2,0,0,First Innings,2639
Axar Patel,1,0,3,1,3.00,3,0,0,0,0,First Innings,2639
Ravindra Jadeja,1,0,7,0,7.00,2,1,0,0,0,First Innings,2639
Mark Adair,4,0,27,1,6.75,13,3,0,3,0,Second Innings,2639
Josh Little,4,0,42,0,10.50,12,2,4,3,0,Second Innings,2639
Barry McCarthy,2.2,0,18,0,7.71,5,1,1,0,0,Second Innings,2639
Curtis Campher,1,0,4,0,4.00,3,0,0,0,0,Second Innings,2639
Ben White,1,0,6,1,6.00,3,1,0,0,0,Second Innings,2639
Fareed Ahmad,4,0,20,3,5.00,13,2,0,0,0,First Innings,2435
Azmatullah Omarzai,4,0,33,1,8.25,12,3,2,1,0,First Innings,2435
Qais Ahmad,4,0,28,0,7.00,12,3,1,1,0,First Innings,2435
Mohammad Saleem,3,0,43,0,14.33,3,2,3,3,1,First Innings,2435
Sharafuddin Ashraf,2,0,25,0,12.50,1,1,2,0,0,First Innings,2435
Karim Janat,3,0,54,0,18.00,2,2,6,0,1,First Innings,2435
Mukesh Kumar,4,0,44,0,11.00,10,4,2,3,0,Second Innings,2435
Avesh Khan,4,0,55,1,13.75,6,4,4,3,0,Second Innings,2435
Ravi Bishnoi,4,0,38,0,9.50,6,4,1,0,0,Second Innings,2435
Washington Sundar,3,0,18,3,6.00,7,0,1,2,0,Second Innings,2435
Shivam Dube,2,0,25,0,12.50,0,2,1,0,0,Second Innings,2435
Kuldeep Yadav,3,0,31,1,10.33,7,1,3,1,0,Second Innings,2435
Arshdeep Singh,4,0,32,3,8.00,11,3,1,3,0,First Innings,2431
Mukesh Kumar,2,0,21,0,10.50,5,3,1,0,0,First Innings,2431
Ravi Bishnoi,4,0,39,2,9.75,10,3,3,1,0,First Innings,2431
Axar Patel,4,0,17,2,4.25,11,1,0,1,0,First Innings,2431
Shivam Dube,3,0,36,1,12.00,7,1,4,1,0,First Innings,2431
Washington Sundar,3,0,23,0,7.66,7,2,1,1,0,First Innings,2431
Fazalhaq Farooqi,3.4,0,28,1,7.63,10,2,2,0,0,Second Innings,2431
Mujeeb Ur Rahman,2,0,32,0,16.00,0,6,0,0,0,Second Innings,2431
Naveen-ul-Haq,3,0,33,1,11.00,6,5,1,0,0,Second Innings,2431
Noor Ahmad,3,0,35,0,11.66,4,1,3,2,0,Second Innings,2431
Mohammad Nabi,2,0,30,0,15.00,2,0,4,0,0,Second Innings,2431
Karim Janat,2,0,13,2,6.50,5,2,0,0,0,Second Innings,2431
Arshdeep Singh,4,1,28,0,7.00,11,4,0,3,0,First Innings,2428
Mukesh Kumar,4,0,33,2,8.25,9,2,2,1,1,First Innings,2428
Axar Patel,4,0,23,2,5.75,11,1,1,0,0,First Innings,2428
Washington Sundar,3,0,27,0,9.00,6,3,1,0,0,First Innings,2428
Shivam Dube,2,0,9,1,4.50,6,1,0,0,0,First Innings,2428
Ravi Bishnoi,3,0,35,0,11.66,3,3,2,0,0,First Innings,2428
Fazalhaq Farooqi,3,0,26,0,8.66,7,4,0,1,0,Second Innings,2428
Mujeeb Ur Rahman,4,1,21,2,5.25,15,4,0,0,0,Second Innings,2428
Mohammad Nabi,2,0,24,0,12.00,2,1,1,2,0,Second Innings,2428
Naveen-ul-Haq,3.3,0,43,0,12.28,1,4,2,0,0,Second Innings,2428
Azmatullah Omarzai,4,0,33,1,8.25,5,4,0,0,0,Second Innings,2428
Gulbadin Naib,1,0,12,0,12.00,1,2,0,0,0,Second Innings,2428
